{"X1": [4.8584905660377355, 4.193396226415095, 3.7703081232492996, 5.719887955182073, 11.34433962264151, 8.018867924528301, 7.0476190476190474, 13.624649859943977, 2.900943396226415, 2.5754716981132075, 2.0784313725490198, 3.0], "X2": [0.3618265832219832, 1.5737689928971876, 0.6061433072975663, 0.4490537686801511, 1.3870411149161306, 3.9117171157788015, 1.9447483517910618, 1.4374961514818712, 0.2987380006333776, 0.8292769436075039, 0.2984738096352378, 0.0]}