{"X1": [1.0235849056603774, 0.37735849056603776, 0.08403361344537816, 0.9467787114845938, 1.7688679245283019, 0.9528301886792453, 0.47619047619047616, 1.8235294117647058, 1.7688679245283019, 0.9528301886792453, 0.47619047619047616, 1.8235294117647058], "X2": [0.5863304314688951, 0.5038124499176864, 0.30623306148384194, 0.3510240940688077, 0.4641614893724458, 0.4634178902194391, 0.5627255079808149, 0.38122004108281526, 0.4641614893724458, 0.4634178902194391, 0.5627255079808149, 0.38122004108281526]}