{"X1": [1.1, 0.04, 0.0, 0.04, 1.0, 0.6, 0.0, 1.0, 1.3, 1.94, 0.04, 0.18, 0.56, 2.0, 1.06, 0.34, 2.0, 1.68, 1.94, 0.04, 0.18, 0.56, 2.0, 1.06, 0.34, 2.0, 1.68], "X2": [0.3605551275463989, 0.19595917942265428, 0.0, 0.19595917942265428, 0.0, 0.4898979485566356, 0.0, 0.0, 0.7, 0.31048349392520047, 0.19595917942265428, 0.38418745424597095, 0.4963869458396343, 0.0, 0.42, 0.47370877129308037, 0.0, 0.5075431016179808, 0.31048349392520047, 0.19595917942265428, 0.38418745424597095, 0.4963869458396343, 0.0, 0.42, 0.47370877129308037, 0.0, 0.5075431016179808]}