{
    "keras_loss_train": 0.3619316816329956,
    "keras_acc_train": 0.8333333134651184,
    "keras_loss_test": 0.3922509253025055,
    "keras_acc_test": 0.8666666746139526,
    "keras_weights": [
        [
            -6.530795574188232,
            -1.3650906085968018,
            3.943692684173584
        ],
        [
            23.210447311401367,
            -3.7824058532714844,
            -10.173909187316895
        ],
        [
            -13.826350212097168,
            11.515772819519043,
            -3.988142967224121
        ],
        [
            -7.74574089050293,
            -4.923305511474609,
            10.093711853027344
        ]
    ]
}