{"X1": [4.96, 3.8, 1.54, 1.82, 5.0, 4.14, 0.66, 5.0, 5.58, 4.96, 3.22, 1.52, 1.82, 5.0, 4.12, 0.66, 5.0, 5.56, 2.98, 2.02, 1.18, 1.22, 3.0, 2.62, 0.46, 3.0, 3.7], "X2": [0.27999999999999997, 1.0583005244258363, 1.41718029904455, 1.5835403373454051, 0.0, 1.9900753754569198, 1.226539848516957, 0.0, 1.4295453822806745, 0.27999999999999997, 0.855336191213724, 1.4034243834279068, 1.5835403373454051, 0.0, 1.9762590923257002, 1.226539848516957, 0.0, 1.4305243793798135, 0.13999999999999999, 0.4686149805543992, 0.9937806599043876, 1.063766891757776, 0.0, 1.2789057822998533, 0.8296987405076615, 0.0, 0.9643650760992956]}