index,f_sample,mean,std
0,8,47.058468,0.3557559826321239
1,16,53.996075,0.43147660932309284
2,32,57.31202,0.45587218922972245
3,64,58.356358,0.44851350855654876
