{
    "seed": 42,
    "dataset": "wine",
    "keras": {
        "train_loss": 0.04550850763916969,
        "test_loss": 0.05622335895895958,
        "train_acc": 0.9929577708244324,
        "test_acc": 0.9722222089767456,
        "weights": [
            [
                3.4312095642089844,
                -4.475738048553467,
                0.6900264024734497
            ],
            [
                -0.7583125233650208,
                -1.497098445892334,
                2.9452171325683594
            ],
            [
                3.5594420433044434,
                -5.1843671798706055,
                4.012085437774658
            ],
            [
                -6.626443386077881,
                4.7690911293029785,
                5.172077655792236
            ],
            [
                0.020100045949220657,
                -0.7376294732093811,
                0.6402965188026428
            ],
            [
                -1.2771210670471191,
                2.403430700302124,
                -1.956947684288025
            ],
            [
                6.855195045471191,
                -0.5022479891777039,
                -11.634095191955566
            ],
            [
                -3.434216260910034,
                3.0116772651672363,
                -0.49213749170303345
            ],
            [
                -1.3938658237457275,
                4.4698166847229,
                -8.329181671142578
            ],
            [
                -2.0353381633758545,
                -4.5219597816467285,
                7.690426349639893
            ],
            [
                -4.328557014465332,
                7.610636234283447,
                -8.667770385742188
            ],
            [
                1.4114155769348145,
                0.9424638152122498,
                -5.988229751586914
            ],
            [
                5.347973346710205,
                -7.167328834533691,
                0.3832765519618988
            ]
        ]
    },
    "neuromorphic_phase1": {
        "train_acc": [
            0.6267605633802817,
            0.6197183098591549,
            0.6971830985915493,
            0.6971830985915493,
            0.7535211267605634,
            0.7816901408450704,
            0.8380281690140845,
            0.7464788732394366,
            0.7323943661971831,
            0.8098591549295775,
            0.8591549295774648,
            0.8943661971830986,
            0.9014084507042254,
            0.8873239436619719,
            0.8802816901408451,
            0.8309859154929577,
            0.8309859154929577,
            0.8732394366197183,
            0.8943661971830986,
            0.8943661971830986,
            0.8732394366197183,
            0.9154929577464789,
            0.9225352112676056,
            0.9084507042253521,
            0.8661971830985915,
            0.8873239436619719,
            0.9014084507042254,
            0.6549295774647887,
            0.6549295774647887,
            0.6549295774647887
        ],
        "test_acc": [
            0.5833333333333334,
            0.5833333333333334,
            0.6111111111111112,
            0.6111111111111112,
            0.6944444444444444,
            0.8055555555555556,
            0.8333333333333334,
            0.8611111111111112,
            0.8611111111111112,
            0.8611111111111112,
            0.8611111111111112,
            0.8888888888888888,
            0.9166666666666666,
            0.9444444444444444,
            0.8888888888888888,
            0.9444444444444444,
            0.9444444444444444,
            0.8611111111111112,
            0.8333333333333334,
            0.8888888888888888,
            0.8055555555555556,
            0.8611111111111112,
            0.9444444444444444,
            0.9166666666666666,
            0.8055555555555556,
            0.8888888888888888,
            0.8888888888888888,
            0.6944444444444444,
            0.6944444444444444,
            0.6944444444444444
        ],
        "abs_periods": [
            [
                10,
                9,
                10
            ],
            [
                10,
                8,
                10
            ],
            [
                10,
                8,
                9
            ],
            [
                10,
                8,
                8
            ],
            [
                10,
                7,
                8
            ],
            [
                10,
                7,
                7
            ],
            [
                10,
                7,
                6
            ],
            [
                9,
                7,
                6
            ],
            [
                8,
                7,
                6
            ],
            [
                8,
                6,
                6
            ],
            [
                8,
                6,
                5
            ],
            [
                8,
                6,
                4
            ],
            [
                8,
                5,
                4
            ],
            [
                7,
                5,
                4
            ],
            [
                7,
                4,
                4
            ],
            [
                6,
                4,
                4
            ],
            [
                5,
                4,
                4
            ],
            [
                5,
                4,
                3
            ],
            [
                5,
                3,
                3
            ],
            [
                4,
                3,
                3
            ],
            [
                4,
                3,
                2
            ],
            [
                4,
                2,
                2
            ],
            [
                3,
                2,
                2
            ],
            [
                2,
                2,
                2
            ],
            [
                2,
                1,
                2
            ],
            [
                2,
                1,
                1
            ],
            [
                2,
                1,
                0
            ],
            [
                2,
                1,
                -1
            ],
            [
                2,
                1,
                -2
            ],
            [
                2,
                1,
                -3
            ]
        ]
    },
    "neuromorphic_phase2": {
        "train_acc": [
            0.9084507042253521,
            0.9014084507042254,
            0.8591549295774648,
            0.8802816901408451,
            0.9084507042253521,
            0.8380281690140845,
            0.9154929577464789,
            0.8732394366197183,
            0.8943661971830986,
            0.8943661971830986,
            0.7535211267605634,
            0.7464788732394366,
            0.852112676056338,
            0.8802816901408451,
            0.8873239436619719,
            0.8661971830985915,
            0.8943661971830986,
            0.7464788732394366,
            0.7394366197183099,
            0.7323943661971831,
            0.8169014084507042,
            0.8028169014084507,
            0.8309859154929577,
            0.8732394366197183,
            0.9084507042253521
        ],