{"X1": [1.6610169491525424, 0.864406779661017, 0.11864406779661017, 0.4788732394366197, 1.3380281690140845, 0.1267605633802817, 0.2708333333333333, 0.4583333333333333, 1.3958333333333333, 1.9491525423728813, 1.3898305084745763, 0.5254237288135594, 1.2112676056338028, 1.8873239436619718, 0.4788732394366197, 0.7916666666666666, 0.9166666666666666, 1.9791666666666667, 1.6610169491525424, 1.3898305084745763, 0.4406779661016949, 0.9295774647887324, 1.8873239436619718, 0.4225352112676056, 0.7291666666666666, 0.9166666666666666, 1.7708333333333333], "X2": [0.47336406928030306, 0.6754189439041111, 0.32336922081930364, 0.5530747581992073, 0.4730381865844131, 0.33270455805683713, 0.48902894142939596, 0.705878097754059, 0.4890289414293959, 0.21968612536975796, 0.5213069999738881, 0.6975971399070061, 0.554507596761395, 0.31619639888230483, 0.6469681170623015, 0.5758447900452188, 0.60667582410671, 0.1428261375083551, 0.47336406928030306, 0.5213069999738881, 0.5606045901200417, 0.255857776402605, 0.31619639888230483, 0.5480303227702457, 0.48902894142939585, 0.60667582410671, 0.420296687538167]}