{"X1": [15.915254237288135, 9.966101694915254, 5.406779661016949, 10.380281690140846, 15.577464788732394, 4.070422535211268, 8.229166666666666, 8.125, 18.333333333333332, 6.983050847457627, 5.745762711864407, 3.2033898305084745, 5.28169014084507, 7.309859154929577, 2.943661971830986, 4.729166666666667, 5.041666666666667, 7.9375, 3.7796610169491527, 3.440677966101695, 2.0508474576271185, 2.971830985915493, 4.0, 2.0, 2.7708333333333335, 3.0833333333333335, 4.791666666666667], "X2": [0.6454045004969414, 3.9271592428206556, 6.167488965364382, 4.074538588525462, 1.030000298522942, 4.917127134626857, 3.4048958827286073, 4.275048732665707, 1.8408935028645437, 0.12908090009938827, 1.4566413694823996, 2.8687661141200933, 1.3653983434813703, 0.5714214866225575, 2.684789308719742, 1.2203070538006224, 1.8366447367111824, 0.24206145913796356, 0.414475229174152, 0.6707240317765891, 1.7116126681826607, 0.555936742422269, 0.0, 1.6272330269336541, 0.46724294775012093, 0.9316949906249122, 0.40611643103370687]}